408,408,Kevin Suba,United States,
760,5cean,Sin-hyeok (신혁),South Korea,
5cean,5gamdo,Do Hyung-rok (도헝록),South Korea,
5gamdo,5w33t t00th,NOME108,,x
5w33t t00th,6IIII9,NOME109,,x
6IIII9,760,Sebastian Robak,Poland,
a Lilac,a Lilac,Jeon Ho-jin (전호진),South Korea,
a Wolf,a Wolf,Lee Jae-wan (이재완),South Korea,
A8000,A8000,Chang Chen Yuan,Taiwan,
AAey,AAey,Wasan Inon,Thailand,
aahai007,aahai007,Xiao Jian Wang,China,
Abbr,Abbr,NOME110,,x
Abc,Abc,Chiu Po Chieh,Taiwan,
AbstractCool,AbstractCool,NOME111,,x
Aci,Aci,Ngô Mạnh Quyền,Vietnam,
Acttosin,Acttosin,Yeon Hyeong-mo (연형모),South Korea,
Adamoss,Adamoss,NOME1,Czech Republic,x
AhrI,AhrI,Liu Xu-Dong (刘旭东),China,
Air,Air,Chen Ying,China,
Alex Ich,Alex Ich,Alexey Ichetovkin,Russia,
Alocs,Alocs,Leonardo Belo,Brazil,
AltecX,AltecX,Johnny Ru,Canada,
ALth0r,ALth0r,Romain Franzetti,France,
Aluka,Aluka,Peng Zhen-Ming (彭震铭),China,
Alvado,Alvado,Paweł Kamiński,Poland,
Amazing_(German),Amazing_(German),Maurice Stückenschneider,Germany,
Ambition,Ambition,Kang Chan-yong (강찬용),South Korea,
Amenosa,Amenosa,Yi Lei Yang,China,
amnesia,amnesia,Chen Lianquan,Singapore,
Ana2k,Ana2k,Yuan Wei-Lin (袁炜淋),Hong Kong,
Angush,Angush,Aurimas Gedvilas,Lithuania,
Antogyn,Antogyn,Anthony Giniers,France,
Anxietylol,Anxietylol,Kevin Duque,United States,
Apathy,Apathy,Maqui Sinco,Philippines,
Apet,Apet,Yu Hong Liang,Singapore,
Aphromoo,Aphromoo,Zaqueri Black,United States,
Apple_(United States),Apple_(United States),NOME2,United States,x
Araneae,Araneae,Alvar Martin Aleñar,Spain,
Arcagød,Arcagød,Anthony Leonardo,France,
Archie_(Vietnamese),Archie_(Vietnamese),Minh Nhựt Trần,Vietnam,
Arcknight14,Arcknight14,Jesse Wu,United States,
ArcZSlash,ArcZSlash,Duke Pham,United States,
Ares_(Chinese),Ares_(Chinese),Zheng Liang (郑亮),China,
Aretyl,Aretyl,NOME86,Singapore,x
ArQuel,ArQuel,Krzysztof Sauć,Poland,
Arthelon,Arthelon,Taylor Eder,United States,
ArTie,ArTie,Chang Che-Ming,Taiwan,
Artonious,Artonious,NOME3,United States,x
ashart,ashart,Kim Sung-hoon (김성훈),South Korea,
Ashes,Ashes,Nick Ridgeway,United States,
Asklar,Asklar,Andrea Bonifazio,Italy,
Astarte,Astarte,Judge Gideon Cruz,Philippines,
Astronaut,Astronaut,NOME112,,x
At0mic,At0mic,Dylan Newton,United States,
Atlanta,Atlanta,James Moreland,United States,
AtomicN,AtomicN,Dylan Newton,United States,
Axion,Axion,NOME4,Singapore,x
Ayaya,Ayaya,Li Ling-Zhi (李凌志),China,
Aze9,Aze9,NOME5,Czech Republic,x
Azingy,Azingy,Andrew Zamarripa,United States,
azynpride,azynpride,NOME113,,x
Babeta,Babeta,Aarón Collados Bernabeu,Spain,
babyeator,babyeator,Terry Chuong,United States,
Badagaje,Badagaje,Seon Ho-san (선호산),South Korea,
Bahroo,Bahroo,NOME114,,x
Balls,Balls,An Le,United States,
Bang,Bang,Bae Jun-sik (배준식),Korea,
bannybear,bannybear,Josh Gagnon,United States,
Baronpanda,Baronpanda,Christoffer Storlund,Sweden,
Barracoon,Barracoon,Giuseppe Sepe,Italy,
BBTY,BBTY,Chua Kim Han Wayne,Singapore,
Bearr,Bearr,NOME115,,x
Bebe,Bebe,Cheng Bo-Wei,Taiwan,
bebeisadog,bebeisadog,Cheng Bo-Wei,Taiwan,
Bechade,Bechade,Bernardo Chede,Brazil,
Beelzehan,Beelzehan,Jo Jae-hwan (조재환),South Korea,
Belith,Belith,NOME6,United States,x
Bia Stun,Bia Stun,NOME7,Brazil,x
Bigfatlp,Bigfatlp,Michael Tang,Canada,
bigfatlp,bigfatlp,Michael Tang,Canada,
biggy,biggy,Nicolai Strudthoff,Germany,
Bischu,Bischu,Aaron Kim,Canada,
BlackWeapon,BlackWeapon,Yang Ao,China,
Blagon,Blagon,NOME116,,x
BLITX,BLITX,Ángel Ionesi,Spain,
Bloodwater,Bloodwater,Lyubomir Spasov,Bulgaria,
BloodWater,BloodWater,Lyubomir Spasov,Bulgaria,
bloodwater,bloodwater,Lyubomir Spasov,Bulgaria,
Bobbyhankhill,Bobbyhankhill,Cameron Nelson,United States,
Bodydrop,Bodydrop,Adam Krauthaker,Canada,
Borrum,Borrum,NOME8,United States,x
Brainquiche,Brainquiche,Nils Andersen,Germany,
braveheart,braveheart,NOME9,China,x
brTT,brTT,Felipe Gonçalves,Brazil,
brunch Ü,brunch Ü,Josh Abrantes,United States,
BSYY,BSYY,Luo Sheng (罗盛),China,
BUG,BUG,Zhou Qi-Lin (周祺琳),China,
Bug,Bug,Zhou Qi-Lin (周祺琳),China,
Burning,Burning,Truong Hoang Nam,Vietnam,
BWp,BWp,Yang Ao,China,
Cain,Cain,Jang Nu-ri (장누리),South Korea,
Calbo,Calbo,NOME10,Switzerland,x
calimist,calimist,NOME11,United States,x
Calitoxic,Calitoxic,NOME117,United States,x
Calyel,Calyel,NOME12,Brazil,x
Cambrice,Cambrice,NOME118,,x
Candy Panda,Candy Panda,Adrian Wübbelmann,Germany,
CandyPanda,CandyPanda,Adrian Wübbelmann,Germany,
Caneda,Caneda,Francesco Ferretti,Italy,
Cannot,Cannot,Park Gwang-gi (박광기),South Korea,
Caomei,CaoMei,Wei Han-Dong (魏汉冬),China,
CaoMei,Caomei,Wei Han-Dong (魏汉冬),China,
Captain Korea,Captain Korea,Jongwon Bae,Canada,
CaptainJack,CaptainJack,Kang Hyung-woo (강형우),South Korea,
Card,Card,NOME119,,x
CaStRoO,CaStRoO,Zachary Scuderi,United States,
cat8,cat8,Will Kim (김우성),South Korea,
CedeoCedeo,CedeoCedeo,Felix Siegmann,Germany,
Celaver,Celaver,Paweł Koprianiuk,Poland,
Cerberus,Cerberus,Tarek Saad,Germany,
Chaox,Chaox,Shan Huang,United States,
chaseonfire,chaseonfire,Chase Cunningham,Canada,
chaseonfireeeee,chaseonfireeeee,Chase Cunningham,Canada,
Chauster,Chauster,Steve Chau,United States,
Chawy,Chawy,Wong Xing Lei,Singapore,
Chazms,Chazms,NOME120,,x
Cheezycookie,Cheezycookie,Solomon Davidsohn,United States,
Cheonju,Cheonju,Choi Cheon-ju (최천주),South Korea,
Chicken,Chicken,Choi Jae-woo (최재우),South Korea,
Chillss,Chillss,Jose Quirarte,United States,
Chilly moon,Chilly moon,Kang Sang-hoon,South Korea,
Chirs,Chirs,Siu Keung (萧强),Hong Kong,
Chock,Chock,Marvin Dan Mansilungan,Philippines,
Chrls,Chrls,Siu Keung (萧强),Hong Kong,
ChuChu,ChuChu,Choi Cheon-ju (최천주),South Korea,
Chuuper,Chuuper,Samuel Chu,United States,
cinkowski,cinkowski,Marcin Marczak,Poland,
Cinku,Cinku,Marcin Marczak,Poland,
CitizenWayne,CitizenWayne,Victor Toll,Germany,
ClakeyD,ClakeyD,Clark Douglas Smith,United States,
Clear,Clear,Kim Jae-yeol (김재열),South Korea,
ClearLove,ClearLove,Ming Kai (明凱),China,
cliff,cliff,Raffael Wagner,Germany,
CloudTemplar,CloudTemplar,Lee Hyun-woo (이현우),South Korea,
cmagicK,cmagicK,NOME13,Switzerland,x
Cocoa,Cocoa,Liu Hong-Jun (刘洪均),China,
coffee,coffee,NOME100,China,x
Colalin,Colalin,Lin Ying Hsuan,Taiwan,
Cop,Cop,David Roberson,United States,
Cornsalad,Cornsalad,Lee Sang-jung (이상정),South Korea,
cosommak,cosommak,Mark Jreige,Canada,
Cpt Jack,Cpt Jack,Kang Hyung-woo (강형우),South Korea,
CR,CR,Peng Jianbiao,China,
Creaton,Creaton,Jakub Grzegorzewski,Poland,
Cris,Cris,Cristian Rosales,United States,
Crumbzz,Crumbzz,Alberto Rengifo,Venezuela,
crumbzz,crumbzz,Alberto Rengifo,Venezuela,
Cruzerthebruzer,Cruzerthebruzer,Cruz Ogden,United States,
Cwcwcw,Cwcwcw,Chun Wai Wong,Singapore,
Cyanide,Cyanide,Lauri Happonen,Finland,
CyanideFI,CyanideFI,Lauri Happonen,Finland,
cybolic,cybolic,Dan,United States,
Czaru,Czaru,Krystian Przybylski,Poland,
D4rker,D4rker,Andrey Plechistov,Russia,
d4rkness,d4rkness,Lim Zhi Ping,Singapore,
dabe,dabe,Angelo Dave Lopeza,Philippines,
dadaz,dadaz,NOME14,Switzerland,x
Dade,Dade,Bae Eo-Jin (배어진),South Korea,
dade,dade,Bae Eo-Jin (배어진),South Korea,
Dale,Dale,Dale Roy,Australia,
Dan Dinh,Dan Dinh,Daniel Dinh,United States,
Danagorn,Danagorn,Daniel Drummond,Brazil,
DanDy,DanDy,Choi In-kyu (최인규),South Korea,
Darien,Darien,Evgeny Mazaev,Russia,
DASLAYER,DASLAYER,Daniel Garayo,Paraguay,
Dax,Dax,Alejandro Germain,Spain,
Daydreamin,Daydreamin,Miles Hoard,United States,
dd,dd,Liu Hong-Jun (刘洪均),China,
DDan,DDan,Daniel Lua Pin Ren,Singapore,
Deathmonger,Deathmonger,William Rouse,United States,
Dedrayon,Dedrayon,Filip Romejko,Poland,
Dekar173,Dekar173,NOME121,,x
Demunlul,Demunlul,Jon McCulloch,United States,
Denian,Denian,James Goddard,Australia,
Devil_(Chinese),Devil_(Chinese),Zhu Jia-Wen (朱佳文),China,
Devil_(Korean),Devil_(Korean),Shin Yoon-ki (신윤기),South Korea,
DforDECA,DforDECA,NOME122,,x
Dgc,Dgc,Chen Xu,China,
Diamondprox,Diamondprox,Danil Reshetnikov,Russia,
DianDian,DianDian,NOME94,China,x
DinTer,DinTer,Hong-Wei Xue,Taiwan,
DJ Chrispy,DJ Chrispy,NOME123,,x
DJ LAMBO,DJ LAMBO,David Jeong,United States,
DkBnet,DkBnet,George Truong,United States,
Dojeezy,Dojeezy,NOME124,,x
DomhoX,DomhoX,He Chuo-Xi (何绰熙),Hong Kong,
domY,domY,NOME15,Brazil,x
dong,dong,Kim He-jae,South Korea,
donmuri,donmuri,Muhammad Diniebin Johari,Malaysia,
DontMashMe,DontMashMe,Brandon Phan,Canada,
Doublelift,Doublelift,Yiliang Peng,United States,
Dphat,Dphat,NOME125,,x
DRAEK,DRAEK,Rodrigo Oliveira,Brazil,
DreamyAnt,DreamyAnt,Alvin Lee,United States,
DrTrevor,DrTrevor,Trevor Hunter,Canada,
Duck,Duck,NOME95,China,x
Duelist,Duelist,Kang Sung-hyun (강승현),South Korea,
Dumecha,Dumecha,Vladimir Kostenko,Ukraine,
DURRHURRDERP,DURRHURRDERP,NOME126,,x
dYe44,dYe44,NOME127,,x
Dyrus,Dyrus,Marcus Hill,United States,
Easy,Easy,(倪佳安),China,
ecco,ecco,Tyler Spesick,United States,
ecko,ecko,Tyler Orr,United States,
Edward,Edward,Edward Abgaryan,Armenia,
Egg,Egg,Lê Hoàng Ngà,Vietnam,
EHomda,EHomda,Edmund Hom,United States,
Ehomda,Ehomda,Edmund Hom,United States,
ElecTrouble,ElecTrouble,Bae Han-Bin,South Korea,
element,element,Arlindo Neto,Brazil,
Elementz,Elementz,Cody Sigfusson,Canada,
Elendix,Elendix,Mikołaj Wyspiański,Poland,
Eleven,Eleven,NOME101,China,x
Elf,Elf,Jung Seung-Hee,South Korea,
Eliade,Eliade,NOME92,Thailand,x
Elisha,Elisha,NOME16,Switzerland,x
Ellie Beee,Ellie Beee,Abe Nguyen,United States,
emboob,emboob,Kim Joon-seob (김준섭),South Korea,
Emeng,Emeng,NOME96,China,x
Emperor,Emperor,NOME102,China,x
Entenzwerg,Entenzwerg,Janis Thomas Krzok,Germany,
Entus,Entus,Thomas Ketner,United States,
Epyonz,Epyonz,Leon Goh Cing Hong,Malaysia,
EquivocaL,EquivocaL,Baldwin Sai Heng Sheng,Singapore,
erwinbooze,erwinbooze,NOME17,Canada,x
Eryuk,Eryuk,Yoon Seung-taek (윤승택),South Korea,
Es,Es,NOME97,China,x
Espeon,Espeon,Martin Gonçalves,Brazil,
Estike,Estike,NOME98,China,x
Estonian,Estonian,Henry Vinkmann,Australia,
Et,Et,Vy Nhuyen Hoang,Vietnam,
Evaniskus,Evaniskus,Evan Stevens,United States,
ExpesSion,ExpesSion,Gu Bon-taek (구본택),South Korea,
Expession,Expession,Gu Bon-taek (구본택),South Korea,
Exterminare,Exterminare,Juan Navarro Ricardo,Spain,
extinkt,extinkt,Vytautas Mėlinauskas,Lithuania,
Faamy,Faamy,Steffen Hentschel,Germany,
Fafnyr,Fafnyr,Felipe Kiss Vieira,Brazil,
Faildo,Faildo,NOME128,,x
Fantastic Song,Fantastic Song,Kim Sang-soo (김상수),South Korea,
FantasyStar,FantasyStar,Bok Han-gyu (복한규),South Korea,
Farfain,Farfain,Karl Wendt Höjer,Sweden,
Fas Scriptor,Fas Scriptor,NOME129,,x
Fascinate,Fascinate,Kim Dong-gyu (김동규),South Korea,
Fat,Fat,Brian Cao,Canada,
FatMamma,FatMamma,Hans Bjerhem,Sweden,
FDT,FDT,Kim Tae-hee (김태히),South Korea,
Finalyoko,Finalyoko,NOME18,Italy,x
Fisch,Fisch,Sebastian Hoffman,Germany,
fisch,fisch,Sebastian Hoffman,Germany,
Flame,Flame,Lee Ho-Jong (이호종),South Korea,
Flappy Bearfish,Flappy Bearfish,Tony Pham,United States,
Flashy,Flashy,Yury Sevostyanov,Russia,
Focused00,Focused00,NOME19,Czech Republic,x
Fomko,Fomko,Anton Fomkin,Russia,
ForellenLord,ForellenLord,Carl Lückmann,Germany,
Forellenlord,Forellenlord,Carl Lückmann,Germany,
ForeverXXF,ForeverXXF,Soon Yin Fong,Malaysia,
Fox,Fox,Hampus Myhre,Sweden,
Foxiu,Foxiu,NOME103,China,x
Fragnat1c,Fragnat1c,NOME130,United States,x
Froggen,Froggen,Henrik Hansen,Denmark,
frosty,frosty,Arthur Rossoni,Brazil,
Fxz,Fxz,Zhang Haowei,China,
Fzzf,Fzzf,Feng Zhuo-Jun (冯卓君),China,
Garnet,Garnet,Min Kyung-hwan (민경환),South Korea,
GarnetDevil,GarnetDevil,Lai Yi I-Meng,Taiwan,
gDeveloper,gDeveloper,Kwon Jun-hyuk (권준혁),South Korea,
GeekGoneMAD,GeekGoneMAD,William Lyall,United States,
Genja,Genja,Evgeny Andryushin,Russia,
Genja007,Genja007,Evgeny Andryushin,Russia,
Genre,Genre,Gerardo Andres Gonzalez,Mexico,
ggoni,ggoni,Oh Jin-woo (오진우),South Korea,
Ghost_(Filipino),Ghost_(Filipino),John Ryan IV Subagan,Philippines,
Ghoztzero,Ghoztzero,Alex Dubois,United States,
gibo,gibo,Gilbert Salesba,Philippines,
Gin,Gin,Thomas Erben,Australia,
giokarah,giokarah,NOME20,Brazil,x
Gliukoze,Gliukoze,Klaidas Navakas,Lithuania,
Glorifyd,Glorifyd,NOME131,,x
Glory Fades,Glory Fades,Viet Huynh,United States,
Godbro,Godbro,Dan Van Vo,Denmark,
GodFather,GodFather,Jung Seong-Jae (정승재),South Korea,
GODJJ,GODJJ,Wang Yong Jie,Taiwan,
GoDJJ,GoDJJ,Wang Yong Jie,Taiwan,
Godlike,Godlike,Xiao Wang (肖旺),China,
gogoing,gogoing,Gao Di-Ping (高地平),China,
GoldeN,GoldeN,Chaw Khing Mun,Malaysia,
GoldeNz,GoldeNz,Chaw Khing Mun,Malaysia,
GoSu Pepper,GoSu Pepper,Edward Abgaryan,Armenia,
Gredrix,Gredrix,NOME132,,x
GreenTea,GreenTea,Sa Shang-Ching,Taiwan,
Grim Samurai,Grim Samurai,Dustin Serafin,United States,
Grom,Grom,Mateusz Klimaszewski,Poland,
gstv1,gstv1,Gustavo Cima,Brazil,
Gutso,Gutso,Gustavo Franco,Brazil,
H0R0,H0R0,Cho Jae-hwan (조재환),South Korea,
h0rse,h0rse,Dawid Dabrowski,Poland,
h4ckerv2,h4ckerv2,Gustavo Leyva,Mexico,
H4T3,H4T3,Josef Adrian Cabero,Philippines,
Hagane,Hagane,Soon Liang Shin,Malaysia,
Hai,Hai,Hai Du Lam,United States,
Hai L9,Hai L9,Hai Du Lam,United States,
Halfers,Halfers,Brent Tsuji,United States,
hanguang85,hanguang85,Guang Han,China,
HanKun,HanKun,Kim Kang-hwan (김강환),South Korea,
Hankun,Hankun,Kim Kang-hwan (김강환),South Korea,
Hao,Hao,NOME21,Brazil,x
HarLeLuYar,HarLeLuYar,Jason Koh Wei Hao,Singapore,
HaRleLuYaR,HaRleLuYaR,Jason Koh Wei Hao,Singapore,
Hawk,Hawk,NOME133,,x
HawkDon RV,HawkDon RV,Oliver Scholz Lønning,Denmark,
Haydal,Haydal,Haïdar Mezidi,France,
Hazed,Hazed,NOME134,,x
Heartbeat,Heartbeattt,Sung Moo Lim,United States,
Heartbeattt,Heartbeat,Sung Moo Lim,United States,
heiN,heiN,Victor Ruiz Ortiz,Spain,
Helios,Helios,Dong-jin Shin(신동진),South Korea,
Herdyn,Herdyn,Pavel Mikeš,Czech Republic,
heresy,heresy,Teng Yong,China,
Heroic,Heroic,NOME104,China,x
Hirishin,Hirishin,Kevin Duong,United States,
Hiro,Hiro,Lee Woo-suk (이우석),South Korea,
HitooN,HitooN,Lukasz Dabrowski,Poland,
Hmmer,Hmmer,Hector Amador,Portugal,
Homme,Homme,Yoon Sung-young (윤성영),South Korea,
Honu,Honu,NOME135,,x
Hoodstomp,Hoodstomp,Devon Mark,United States,
HooN_(Korean),HooN_(Korean),Kim Nam-hoon (김남훈),South Korea,
HosaN,HosaN,Eryk Wilczynski,Poland,
HotshotGG,HotshotGG,George Georgallidis,Canada,
hUezOrd,hUezOrd,NOME22,Brazil,x
Hwatoo,Hwatoo,Lee Hyung-rae,South Korea,
hyhy,hyhy,Benedict Hanyong Lim,Singapore,
hyrqBot,hyrqBot,John Velly,France,
I am Anjo,I am Anjo,Angelo Joshua Cortez,United States,
I Will Dominate,I Will Dominate,Christian Rivera,United States,
iceiceice,iceiceice,PeiXiang Daryl Koh,Singapore,
iddo,iddo,Judge Gideon Cruz,Philippines,
iDream,iDream,Kun Fang,United States,
if,if,Cui Yi (崔毅),China,
IFTP,IFTP,Frederick Ong Jin Liang,Singapore,
illuSioN,illuSioN,Chen Xin-Lin (陈新霖),China,
ILY,ILY,Yi Sen (易森),China,
imaqtpie,imaqtpie,Michael Santana,United States,
Imaqtpie,Imaqtpie,Michael Santana,United States,
iMba,IMBA,Hou Xuelin,China,
IMBA,iMba,Łukasz Dusza,Poland,
imp,imp,Gu Seung-bin (구승빈),South Korea,
impact,impact,Jung Eon-yeong (정언영),South Korea,
Impactful,Impactful,Joshua Alan Mabrey,United States,
ImSoFresh,ImSoFresh,Karim Bbahla,Belgium,
IMYMEMINE,IMYMEMINE,Fabio Carrozzo,Germany,
InnoX,InnoX,Tyson Kapler,Canada,
Innox,Innox,Tyson Kapler,Canada,
iNoobish,iNoobish,Alex Mata,United States,
inSec,inSec,Choi In-seok (최인석),South Korea,
insec,insec,Choi In-seok (최인석),South Korea,
insidious,insidious,NOME87,Singapore,x
Insta,Insta,Nawin Yanpirat,Thailand,
Intrepid,Intrepid,Jordan Grafton,Australia,
iNtrigueD,iNtrigueD,NOME23,Singapore,x
Irelia_(Player),Irelia_(Player),Pedro Marcari,Brazil,
Ishu55,Ishu55,Alec Fichter,United States,
Ismaro,Ismaro,Paweł Szprącel,Poland,
Itachi,Itachi,Son Le Thanh,Vietnam,
IWillDominate,IWillDominate,Christian Rivera,United States,
IzE,IzE,Diezmund Par,Philippines,
Izumin,Izumin,Nguyễn Khánh Hiệp,Vietnam,
JaeYoong,JaeYoong,Jason Yoong,Malaysia,
Jatt,Jatt,Joshua Leesman,Canada,
jdwu,jdwu,Joseph Wu,United States,
jeno,jeno,Thanat Sukpan,Thailand,
jgsleeper,jgsleeper,NOME24,United States,x
jimbownz,jimbownz,Yon Mangas Cayetano,Spain,
Jing,Jing,Rao Jing,China,
Jintae,Jintae,Justin Dinh,United States,
Joker,Joker,Go Dong-bin (고동빈),South Korea,
JothY,JothY,Florian Seguin-Henry,France,
Jree,Jree,Alexander Bergström,Sweden,
JRT,JRT,Joseph Tsukijima,Canada,
JRTSeven,JRTSeven,Joseph Tsukijima,Canada,
JTS,JTS,Zhang Chen (张晨),China,
junegi,junegi,Jeong Jun-gu (정준구),South Korea,
Junie,Junie,Trần Hữu Nhựt Minh,Vietnam,
Jwaow,jwaow,Jesper Strandgren,Sweden,
jwaow,Jwaow,Jesper Strandgren,Sweden,
Kady,Kady,Kim Dong-un (김동언),South Korea,
Kaigu,Kaigu,Jon Lance Hernandez,Philippines,
Kailing,Kailing,Romulus Tham Yuan Xing,Singapore,
KaKAO,KaKAO,Lee Byung-kwon (이병권),South Korea,
Kalec,Kalec,Rodrigo Rodrigues,Brazil,
Kallen,Kallen,Ibirajara Barrel,Brazil,
Kami,Kami,Gabriel Santos Bohm,Brazil,
KangQui,KangQui,Kang Sung-hyun (강승현),South Korea,
Kanka,Kanka,NOME136,,x
Kappuchu,Kappuchu,Francis Kyle Subido,Philippines,
Karnesh,Karnesh,NOME137,,x
Kaution,Kaution,Mark Dennett,United Kingdom,
Kelo,Kelo,Emiliano Miceli,Italy,
Kenikth,Kenikth,Nam Truong,United States,
Kerp,Kerp,Adrian Wetekam,Germany,
kestrel,kestrel,Niklas Lindström,Sweden,
Kestrel,Kestrel,Niklas Lindström,Sweden,
Keun,Keun,Kevin Enario,United States,
Kev1n,Kev1n,Kevin Rubiszewski,Germany,
Kevin,Kevin,Lee Sang-jun (이상준),South Korea,
kid,kid,Ge Yan (葛炎),China,
Kid,Kid,Ge Yan (葛炎),China,
Kikis,Kikis,Mateusz Szkudlarek,Poland,
Kim,Kim,Trịnh Xuân Long,Vietnam,
KinGbB,KinGbB,Pak San Wai,Hong Kong,
king命,king命,NOME25,China,x
Kitty,Kitty,NOME88,Singapore,x
KiWiKiD,KiWiKiD,Alan Nguyen,United States,
kkinsh,kkinsh,Kim Beom-seok (김범석),South Korea,
Kkinsh,Kkinsh,Kim Beom-seok (김범석),South Korea,
kkOma,kkOma,Kim Jung-gyun (김정균),South Korea,
KnobHK,KnobHK,Ho Sing Wong,China,
Koala,Koala,Zosimo Geluz,United States,
Kobe24,Kobe24,Sam Hartman-Kenzler,United States,
Korvac,Korvac,Eulio Ruda,Brazil,
Kottenx,Kottenx,Markus Tingvall,Sweden,
Kraugy,Kraugy,NOME138,,x
Krepo,Krepo,Mitch Voorspoels,Belgium,
KRYONICS,KRYONICS,Fan Kai,Singapore,
Kubon,Kubon,Jakub Turewicz,Poland,
kujaa,kujaa,Jerome Negretti,France,
L0cust,L0cust,Patrick Miller,United States,
L0CUST,L0CUST,Patrick Miller,United States,
LamiaZealot,LamiaZealot,Manuel Mildenberger,Germany,
Lapaka,Lapaka,Luis Perez,United States,
Lasha,Lasha,Kwon Min-woo (권민우),South Korea,
Lautemortis,Lautemortis,Tyler Nicholls,United States,
Leaf,Leaf,Chen Li-Bin (陈立彬),China,
leah,leah,Terdkiat Thunchokchai,Thailand,
leahslipper,leahslipper,Terdkiat Thunchokchai,Thailand,
Leko,Leko,Whesley Holler,Brazil,
Lemongod,Lemongod,Kyle Easterling,United States,
LemonGoD,LemonGoD,Kyle Easterling,United States,
LemonNation,LemonNation,Daerek Hart,United States,
Lemonnation,Lemonnation,Daerek Hart,United States,
leofromkorea,leofromkorea,Łukasz Mirek,Poland,
Leon,Leon,Yeom Do-sun (염도선),South Korea,
Lexvink,Lexvink,Kelvin Li,Canada,
Libik,Libik,Marek Kręgiel,Poland,
licken,licken,Leung Tsz Long (梁子朗),Hong Kong,
LightSludge,LightSludge,David Hong,United States,
Lilballz,Lilballz,"Sung ""Alex"" Kuan-Po",Taiwan,
lilkvn,lilkvn,Kevin Nguyen,United States,
Lilkvn,Lilkvn,Kevin Nguyen,United States,
Lin,Lin,Yin Le (尹乐),China,
Linak,Linak,Damien Lorthios,France,
LiNk,LiNk,Austin Shin,United States,
LiQuiD112,LiQuiD112,Steve Arhancet,United States,
Liquidity,Liquidity,Benjamin deMunck,Canada,
LittlePanda,LittlePanda,Rainier Gomez,Philippines,
Livy,Livy,Cha No-a (차노아),South Korea,
ŁØAÐ,ŁØAÐ,Chae Seong-yub (채승엽),South Korea,
LoCicero,LoCicero,Adam Carriere,United States,
Locodoco,Locodoco,Choi Yoon-sub (최윤섭),South Korea,
Loki,Loki,Zeng Bin (曾斌),China,
LOL PRO,LOL PRO,Jakub Grzegorzewski,Poland,
LongDary,LongDary,Kim Se-Hyun,South Korea,
LongPanda,LongPanda,Kim Yoon-jae (김윤재),South Korea,
Loop,Loop,Caio Almeida,Brazil,
Loopyness,Loopyness,Jimmy Le,United States,
losys,losys,Shin Sang-hyuk (신상혁),South Korea,
Lounet,Lounet,Leo Maurice,France,
LUCKY,LUCKY,Liu Jun-Jie (刘君杰),China,
Lucky,Lucky,Liu Jun-Jie (刘君杰),China,
LuFFY,LuFFY,Zong Yuan (宗原),China,
Lusc,Lusc,Joseph Hill,United Kingdom,
Lustboy,Lustboy,Jang-Sik Ham (함장식),South Korea,
LY4,LY4,Lim Yang,Singapore,
ly4ly4ly4,ly4ly4ly4,Lim Yang,Singapore,
Lycades,Lycades,Mario Bertele,Germany,
Lyumi,Lyumi,Marcel Haas,Germany,
Mad,Mad,Park Sang-duk (박싱억),South Korea,
MadLife,MadLife,Hong Min-gi (홍민기),South Korea,
Mafa,Mafa,Won Sang-yeon (원상연),South Korea,
MaFa,MaFa,Won Sang-yeon (원상연),South Korea,
MaGiXtEr,MaGiXtEr,NOME26,Italy,x
Maka,Maka,Tom Martin Ek,Sweden,
Makler,Makler,Marek Kukier,Poland,
MakNooN,MakNooN,Yoon Ha-woon (윤하운),South Korea,
MaknooN,MaknooN,Yoon Ha-woon (윤하운),South Korea,
MaKNooN,MaKNooN,Yoon Ha-woon (윤하운),South Korea,
Malicious,Malicious,Frederick Ong Jin Liang,Singapore,
Malunoo,Malunoo,Tobias Magnusson,Sweden,
manajj,manajj,André Rocha,Brazil,
mancloud,mancloud,Zachary Allan Hoschar,United States,
mandatorycloud,mandatorycloud,Zachary Allan Hoschar,United States,
ManDu,ManDu,Lee Jeong-hyeon (이정현),South Korea,
manonsaturn1,manonsaturn1,NOME27,United States,x
ManyReason,ManyReason,Kim Seung-min (김승민),South Korea,
Maou,Maou,Rafael Cavalcante,Brazil,
maplestreet,maplestreet,Ainslie Wyllie,Canada,
Marn,Marn,Martin Phan,United States,
Mata,Mata,Cho Se-hyeong (조세형),South Korea,
MAX,MAX,Zhong Shen-Fa (钟神发),China,
Maxodos,Maxodos,Marcus Ng,Singapore,
May,May,Kang Han-wool (강한울),South Korea,
McIntyre,McIntyre,NOME139,,x
me emo,me emo,Richard Hariyono,United States,
Me5,Me5,Lee Han-kil (이한길),South Korea,
MED,MED,Chainathasiwakhun Thaweruangwong,Thailand,
MegaZero,MegaZero,Patrick Glinsman,United States,
Mellisan,Mellisan,Peter Meisrimel,Germany,
Melody,Melody,Nguyễn Đức Mạnh,Vietnam,
MeRusMePro,MeRusMePro,Christian Wittke,Germany,
Metalx,Metalx,Tom Latour,Netherlands,
Meteos,Meteos,William Hartman,United States,
mexi,mexi,Lew Martin,Singapore,
MeyeA,MeyeA,Abe Nguyen,United States,
MidKing,MidKing,Park Yong-woo (박용우),South Korea,
MighTiLy,MighTiLy,An Jeong-uk (안정욱),South Korea,
MiHee,MiHee,Trịnh Quang Đạt,Vietnam,
MikakoTabe,MikakoTabe,"Pak Kan ""Martin"" Wong (王柏勤)",Hong Kong,
MIma,MIma,Jung Woo-gwang (정우광),South Korea,
Mima,Mima,Jung Woo-gwang (정우광),South Korea,
ming9,ming9,Cho Hyun-chol (조현철),South Korea,
ming9 2,ming9 2,Cho Hyun-chol (조현철),South Korea,
Misaya,Misaya,Yu Jingxi (禹景曦),China,
Misery,Misery,Ahmet Mungan,Turkey,
MiSTakE,MiSTakE,Chen Hui Chung,Taiwan,
MiT,MiT,Gabriel Souza,Brazil,
MM,MM,Que Ruixuan,China,
Mohrisbetter,Mohrisbetter,Tyler Mohr,United States,
Mokatte,Mokatte,Konrad Kukier,Poland,
MOKUZA,MOKUZA,Kim Dae-woong (김대웅),South Korea,
MoMa,MoMa,Maik Wallus,Germany,
MoNk3yz,MoNk3yz,Ong Boon Yang,Malaysia,
Moojuic3,Moojuic3,NOME28,United Kingdom,x
Moopz,Moopz,Amaury Minguerche,Belgium,
Mor,Mor,Zhang Hong-Wei (张宏伟),China,
Morden,Morden,Sebastián Esteban Fernández,Spain,
Movement,Movement,NOME140,,x
MrAlbis,MrAlbis,Kang Chia-Wei,Taiwan,
MrChunkz,MrChunkz,NOME141,,x
Mro,Mro,Zhang Hong-Wei (张宏伟),China,
MrParadoXical,MrParadoXical,Eric Lomore,Canada,
mrunhappy,mrunhappy,Iain Sully,United Kingdom,
MrWish,MrWish,Lohit Vankineni,United States,
Muffinqt,Muffinqt,Jacob Lowry,United States,
MulrOc,MulrOc,Won Jun-ho (원준호),South Korea,
Mütë,Mütë,NOME142,,x
Mylon,Mylon,Matheus Baronti Monteiro Borges,Brazil,
Naijik,Naijik,Nelson Alves,France,
NaMei,NaMei,Zhu Jia-Wen (朱佳文),China,
NanguaJ,NanguaJ,Yang Jian,China,
Navitar,Navitar,Heekwon Choi,United States,
Navy,Navy,Chuong Vien Long,Vietnam,
NdD,NdD,Noppon Chaiyasong,Thailand,
Nerf Hurter,Nerf Hurter,Richard Amaya,United States,
Nerzhu1,Nerzhu1,Jorge Ivan Meza,Mexico,
nesrilaS,nesrilaS,Rasmus Zulow Pedersen,Denmark,
Newbert,Newbert,Scotty Linney,United States,
NeXAbc,NeXAbc,Chiu Po Chieh,Taiwan,
Next,Next,Curtis Wong,United States,
Nhat Nguyen,Nhat Nguyen,Nhat Nguyen,United States,
Nicker,Nicker,Piotr Muzolf,Poland,
Nickwu,Nickwu,Nicholas Wu Smith,United States,
Nien,Nien,Zach Malhas,United States,
Nientonsoh,Nientonsoh,Zach Malhas,United States,
Niero,Niero,Kevin Behnaz,United States,
Niko44,Niko44,Nikolay Forkin,United States,
ning,ning,NOME29,China,x
NinjaSalad,NinjaSalad,Cameron Cox,United States,
NintendudeX,NintendudeX,Joshua Atkins,United States,
NIXWATER,NIXWATER,Nhật Tân Mai,Vietnam,
NK Adonis,NK Adonis,Jo Jae-hyuk (조재혁),South Korea,
Nk Inc,Nk Inc,Andrew Erickson,United States,
NLgnz,NLgnz,Tanabodee Taveeharutaisuk,Thailand,
Noaphiel,Noaphiel,Sven Grothe,Germany,
Nocturne_(Player),Nocturne_(Player),NOME30,China,x
Noelly,Noelly,Noel Cruz,Philippines,
NoFe,NoFe,Jeong No-chul (정노철),South Korea,
NOFE,NOFE,Jeong No-chul (정노철),South Korea,
Nofgob,Nofgob,NOME143,,x
Nolja,Nolja,Lee Hyun-jin (이현진),South Korea,
nothinghere,nothinghere,Gabriel Charbonneau,Canada,
nRated,nRated,Christoph Seitz,Germany,
Nubbypoohbear,Nubbypoohbear,Nicholas Harlan,United States,
nubbypoohbear,nubbypoohbear,Nicholas Harlan,United States,
nubypoohbear,nubypoohbear,Nicholas Harlan,United States,
Nurinim,Nurinim,Jang Nu-ri (장누리),South Korea,
NVM,NVM,Jittawat Uthumpruekporn,Thailand,
Nyang,Nyang,Lee Gwan-hyung (이관형),South Korea,
NydusHerMain,NydusHerMain,Philip Sohn,Canada,
Nydushermain,Nydushermain,Philip Sohn,Canada,
Nyjacky,Nyjacky,Chenglong Wang,China,
Nymp,Nymp,Kang Won-jun (강원준),South Korea,
Nyph,Nyph,Patrick Funke,Germany,
Nysyli,Nysyli,Michael Tribble,United States,
Obituarist,Obituarist,Brandon Kuta,United States,
Ocelote,Ocelote,Carlos Rodríguez Santiago,Spain,
ocelote,ocelote,Carlos Rodríguez Santiago,Spain,
OhReaL,OhReaL,Chou Chun An,Taiwan,
OmgScottxD,OmgScottxD,NOME144,United States,x
OneBadBrad,OneBadBrad,Brad Watson,United States,
Onionbagel,Onionbagel,Leon Chen,Canada,
OnlyJaximus,OnlyJaximus,Phillip Carter,United States,
Opio,Opio,Siong Chong Teo,Singapore,
Osaft22,Osaft22,Shawn Roger Bourquin,Switzerland,
otter,otter,Brian Baniqued,United States,
Overpow,Overpow,Remigiusz Pusch,Poland,
Ozadin,Ozadin,Paul Constantinou,United States,
P,P,NOME89,Singapore,x
ParadoXical,ParadoXical,Eric Lomore,Canada,
Paragon,Paragon,Choi Hyun-il (최현일),South Korea,
paroL,paroL,Patrick Krol,United States,
Patoy,Patoy,Jordan Blackburn,United States,
PawnGypsy,PawnGypsy,Adrian Mandee,United States,
Pdd,Pdd,Liu Mou (刘谋),China,
PDD,PDD,Liu Mou (刘谋),China,
Pecko,Pecko,Jeong Hui-cheol (정희철),South Korea,
Pekingese1,Pekingese1,NOME145,,x
PETUDY,PETUDY,NOME146,,x
PF,PF,Pacifico Pallasigui,Philippines,
PGoldenBoy,PGoldenBoy,Jonathan Au,United States,
PhantomL0rd,PhantomL0rd,James Varga,United States,
Phantoml0rd,Phantoml0rd,James Varga,United States,
Pheer Me,Pheer Me,Connor Ford,United States,
Pheilox,Pheilox,Patrick Riehle,Germany,
pHeoz,pHeoz,Julien Dubois,France,
Pinkuu,Pinkuu,Simon Wong,United States,
Piru,Piru,Victor Pontes,Brazil,
Pixel,Pixel,David Zarinski,Canada,
Pixel3,Pixel3,David Zarinski,Canada,
Pobelter,Pobelter,Eugene Park,United States,
Pomelo,Pomelo,Ouyang Wei-Qi (欧阳维奇),China,
PORSCH,PORSCH,NOME31,Thailand,x
Porschku,Porschku,NOME93,Thailand,x
PR0LLY,PR0LLY,Neil Hammad,United States,
PraY,PraY,Kim Jong-in (김종인),South Korea,
Prophet,Prophet,Daniel Fetterman,United States,
Prothana,Prothana,Roland Runge,Germany,
Prototype19,Prototype19,NOME147,,x
Prydz,Prydz,Chen Kuang-Feng,Taiwan,
Puki style,Puki style,Łukasz Zygmunciak,Poland,
PureGoldenBoy,PureGoldenBoy,Jonathan Au,Jonathan Au,
puregoldenboy,puregoldenboy,Jonathan Au,United States,
Pyl,Pyl,Chen Bo (陈博),China,
Pyri,Pyri,Spencer Dampierre,France,
qHzFRC,qHzFRC,NOME32,Ukraine,x
QTV,QTV,Tường Vũ Nguyễn Trần,Vietnam,
Quickdany,Quickdany,NOME33,Italy,x
r0yalbeast,r0yalbeast,NOME34,Switzerland,x
R3NEGADE JR3,R3NEGADE JR3,NOME148,,x
Radeon6870,Radeon6870,NOME35,Singapore,x
Rafes,Rafes,Rafael Peres,Brazil,
Ragan,Ragan,Im Kyung-hyun (임경현),South Korea,
RagingKenny,RagingKenny,Kenny Mac,United States,
Rainy,Rainy,Christopher-Jörg Wiege,Germany,
Raiynz,Raiynz,James Lee,United States,
RapidStar,RapidStar,Jung Min-sung (정민성),South Korea,
Rashaasii,Rashaasii,Adam Mark Olofsson,Sweden,
Raven,Raven,Kim Ae-jun (김애준),South Korea,
RawMonk,RawMonk,Joshua Cuellar,United States,
Reager,Reager,Eder Monaco,Italy,
Reapered,Reapered,Bok Han-gyu (복한규),South Korea,
Rebengga,Rebengga,Kurt Cristobal,Philippines,
ReD,ReD,Lee Siu Hin (李肇軒),Hong Kong,
REDEYES,REDEYES,Chris Rosero,United States,
RedFlubber,RedFlubber,William Strueber,United States,
RedHotRayz,RedHotRayz,Loo Kiat Kin,Malaysia,
RedSuNz,RedSuNz,Loo Kiat Kin,Malaysia,
Reduron,Reduron,Linh Pham,United States,
Reginald,Reginald,Andy Dinh,United States,
Rekkles,Rekkles,Martin Larsson,Sweden,
Relax,Relax,Lee Hyun-woo (이현우),South Korea,
Rello,Rello,NOME36,Italy,x
Remstars,Remstars,Ryan Lee,United States,
ReS,ReS,John Dinh,Singapore,
ReSEt,ReSEt,Won Jun-ho (원준호),South Korea,
Revolta,Revolta,Gabriel Henud,Brazil,
Rewrite,Rewrite,Shin Jong-myung (신종명),South Korea,
Reydes,Reydes,NOME37,Italy,x
Reyk,Reyk,Wai Noch Shum,Germany,
RF legendary,RF legendary,Oleksii Kuziuta,Ukraine,
Rhux,Rhux,Keenan Santos,United States,
rhyuga,rhyuga,Ramon Galego,Brazil,
ricepanda,ricepanda,Chris Li,United States,
Ring Troll,Ring Troll,Jeong Yoon-seong	(정윤성),South Korea,
ROBERTxLEE,ROBERTxLEE,Robert Lee,United States,
Ron,Ron,Ron Tan,Philippines,
Ronaldo,Ronaldo,Xu Jiang-Jun (徐江骏),China,
Roron,Roron,Teerapong Chuttrakul,Thailand,
RoshanNOW,RoshanNOW,Thadeus Tang,Canada,
Rotee,Rotee,NOME38,Thailand,x
Rounders,Rounders,Gwang Sun-hyuk (황선혁),South Korea,
RoyHun,RoyHun,Tanarut Thongdeetae,Thailand,
Rush,Rush,Lee Yoonjae,South Korea,
Rusty,Rusty,Zack Pye,Australia,
Ryu,Ryu,Ryu Sang-wook (유상욱),South Korea,
s01dier,s01dier,Josh Miller,United States,
SaBeRs,SaBeRs,Chen Rongkun,China,
Safety,Safety,Huynh Van Tan,Vietnam,
Sai,Sai,Dat Pham Duc,Vietnam,
saintvicious,saintvicious,Brandon DiMarco,United States,
Saintvicious,Saintvicious,Brandon DiMarco,United States,
Salce,Salce,Trevor Salce,United States,
Samux,Samux,Samuel Fernández Fort,Spain,
San,San,Guo Jun-Liang (郭俊良),China,
SAND,SAND,Philipp Bennek,Germany,
Santa,Santa,Yu Jia-Jun (余家俊),China,
SBS,SBS,Bae Ji-hun (배지훈),South Korea,
Scarra,Scarra,William Li Xiăolóng,United States,
scarra,scarra,William Li Xiăolóng,United States,
Schabs,Schabs,Thomas Vogel,Germany,
SCONOSCIUTO1,SCONOSCIUTO1,NOME39,China,x
SCONOSCIUTO10,SCONOSCIUTO10,NOME40,China,x
SCONOSCIUTO11,SCONOSCIUTO11,NOME41,China,x
SCONOSCIUTO12,SCONOSCIUTO12,NOME42,China,x
SCONOSCIUTO13,SCONOSCIUTO13,NOME43,China,x
SCONOSCIUTO14,SCONOSCIUTO14,NOME44,China,x
SCONOSCIUTO15,SCONOSCIUTO15,NOME45,China,x
SCONOSCIUTO16,SCONOSCIUTO16,NOME46,China,x
SCONOSCIUTO17,SCONOSCIUTO17,NOME47,China,x
SCONOSCIUTO18,SCONOSCIUTO18,NOME48,China,x
SCONOSCIUTO19,SCONOSCIUTO19,NOME49,China,x
SCONOSCIUTO2,SCONOSCIUTO2,NOME50,China,x
SCONOSCIUTO20,SCONOSCIUTO20,NOME51,China,x
SCONOSCIUTO3,SCONOSCIUTO3,NOME52,China,x
SCONOSCIUTO4,SCONOSCIUTO4,NOME53,China,x
SCONOSCIUTO5,SCONOSCIUTO5,NOME54,China,x
SCONOSCIUTO6,SCONOSCIUTO6,NOME55,China,x
SCONOSCIUTO7,SCONOSCIUTO7,NOME56,China,x
SCONOSCIUTO8,SCONOSCIUTO8,NOME57,China,x
SCONOSCIUTO9,SCONOSCIUTO9,NOME58,China,x
Score,Score,Go Dong-bin (고동빈),South Korea,
ScubaChris,ScubaChris,Christopher Lee,United States,
Seeiya,Seeiya,Gustavo Leyva,Mexico,
Senaim,Senaim,Ji Doo-Yeon,South Korea,
Senou,Senou,Zhou Shi-Qi (周世祺),China,
Senryaku,Senryaku,Kim Jae-Yul,South Korea,
Severus,Severus,Johannes Lüder,Germany,
Shales,Shales,Matt Splivalo,United States,
Shaosters,Shaosters,Shao Kang Li,Canada,
Shark,Shark,Song Ji-Ze (宋季泽),China,
Shepherd,Shepherd,NOME149,,x
ShineWalker,ShineWalker,Lew Ern Hsien,Malaysia,
Shipa,Shipa,Pasi Piiparinen,Finland,
Shiphtur,Shiphtur,Danny Le,United States,
Shlaya,Shlaya,Tony Carmona,France,
ShLaYa,ShLaYa,Tony Carmona,France,
shreaderman,shreaderman,NOME59,United States,x
Shushei,Shushei,Maciej Ratuszniak,Poland,
Shy,Shy,Park Sang-myeon (박상면),South Korea,
Sicca,Sicca,Li Hao-Yu (李浩宇),China,
Sickoscott,Sickoscott,Scott Hong,United States,
Silphire,Silphire,NOME150,,x
SiLva,SiLva,Cao Zhi-Yong (曹志勇),China,
Sinister,Sinister,NOME60,United States,x
SirT,SirT,Thúlio Carlos,Brazil,
SiuKiu,SiuKiu,Karma Leung,Hong Kong,
skiipmasterflash,skiipmasterflash,NOME61,United States,x
SKiLLY,SKiLLY,Edward Biak,Canada,
SKLz,SKLz,Nakorn Srisontiyagul,Thailand,
Skullomania,Skullomania,Frederik Van Gucht,Belgium,
Skyyart,Skyyart,Willy Dias,France,
SleazyWeazy,SleazyWeazy,Benjamin Hiller,Germany,
Sleper,Sleper,Algirdas Saliamonas,Lithuania,
Slooshi,Slooshi,Andrew Pham,United States,
SmallBrain,SmallBrain,Kim Jae-sung (김재성),South Korea,
SnEaKyCaStRoO,SnEaKyCaStRoO,Zachary Scuderi,United States,
Snoopeh,Snoopeh,Stephen Ellis,United Kingdom,
Snowlz,Snowlz,Guilherme Neves,Brazil,
Snoy,Snoy,Elijah Joshua Guerrero,Philippines,
sOAZ,sOAZ,Paul Boyer,France,
sokok,sokok,NOME62,Czech Republic,x
SoLo,SoLo,Lee Gwan-hyung (이관형),South Korea,
Solyndra,Solyndra,Judge Gideon Cruz,Philippines,
Sommie,Sommie,Arne Olov Ricky Eriksson,Sweden,
Soulsilver,Soulsilver,Rafael Lanna,Brazil,
Sound,Sound,Kim Joon-Sung,South Korea,
Sp0okz,Sp0okz,Samuel Broadley,Australia,
Space,Space,Seon Ho-san (선호산),South Korea,
spawn33,spawn33,NOME63,Ukraine,x
Spellsy,Spellsy,Daniel Biery,United States,
SSONG,SSONG,Kim Sang-soo (김상수),South Korea,
Stanley,Stanley,Wang June Tsan,Taiwan,
StarLast,StarLast,Han Jin-hui (한진희),South Korea,
StrategicPlan,StrategicPlan,NOME151,,x
Sun Chip,Sun Chip,Choi Seon-whi (최선휘),South Korea,
Sun.CK,Sun.CK,NOME77,China,x
SunChip,SunChip,Choi Seon-whi (최선휘),South Korea,
SunJa,SunJa,Choi Seon-whi (최선휘),South Korea,
SuNo,SuNo,An Sun-ho (안순호),South Korea,
SunRiver,SunRiver,Kang Tae-yang (강태양),South Korea,
SuperAZE,SuperAZE,Piotr Prokop,Poland,
SuperCat,SuperCat,Zhang Jia-Ming (张嘉明),Hong Kong,
Superman,Superman,Zhou Gang Quan,China,
superman,superman,Zhou Gang Quan,China,
suuuuu,suuuuu,NOME64,Thailand,x
Suz,Suz,NOME99,China,x
Svenskeren,Svenskeren,Dennis Johnse,Denmark,
Swain Gretzky,Swain Gretzky,Aaron Bean,United States,
Swiffer,Swiffer,Simon Papamarkos,Australia,
sxspp,sxspp,Kim Nam-hoon (김남훈),South Korea,
Sycho Sid,Sycho Sid,Benny Hung,United States,
SYDTKO,SYDTKO,Thomas Oh,United States,
Syex,Syex,Philipp Seifert,Germany,
sZ,sZ,Daniel Gomes,Brazil,
Tabe,Tabe,"Pak Kan ""Martin"" Wong (王柏勤)",Hong Kong,
Tabzz,Tabzz,Erik van Helvert,Netherlands,
TaintedOnes,TaintedOnes,Chin Wei Song,Malaysia,
TakashiX,TakashiX,Keith Horita,United States,
takeshi,takeshi,Murilo Alves,Brazil,
Takeshi,Takeshi,Murilo Alves,Brazil,
TcAL,TcAL,Kim Ji-yong (김지용),South Korea,
Tempestra,Tempestra,Ben Farrimond,United Kingdom,
Terroronyou,Terroronyou,Scott Musgrove,United Kingdom,
The Other,The Other,Jang Jun-ho (장 준호),South Korea,
The Rain Man,The Rain Man,Christian Kahmann,United States,
TheOddOne,TheOddOne,Brian Wyllie,Canada,
TheRainMan,TheRainMan,Christian Kahmann,United States,
TheRealKiWiKiD,TheRealKiWiKiD,Alan Nguyen,United States,
TheTess,TheTess,Kasper Poulsen,Denmark,
TheXButton,TheXButton,NOME152,,x
Thien Chau,Thien Chau,Thien Chau,,
Tiany,Tiany,Liu Bing,China,
Tidus,Tidus,Jocelyn Pierlot,France,
TieuQuy,TieuQuy,Nguyen Viet Tiep,Vietnam,
Timson,Timson,Tim Bräuer,Germany,
Tittu,Tittu,Taylo dos Santos Madeira,Brazil,
TkSing,TkSing,Sing Yu Wong,Hong Kong,
Tofu,Tofu,Joshua Tan Jun Liang,Singapore,
ToFuBoi,ToFuBoi,Joshua Tan Jun Liang,Singapore,
Toko,Toko,Yu Rui,China,
ToMmy228,ToMmy228,"Cheung ""Alex"" Chi Wai (張志偉)",Hong Kong,
TonyWin,TonyWin,NOME153,,x
TooPro,TooPro,Alex Bickham,United States,
TopKing,TopKing,NOME105,China,x
TowerFury,TowerFury,Kim Gyu-ha (김규하),South Korea,
Toyz,Toyz,"Wai Kin ""Kurtis"" Lau (劉偉健)",Hong Kong,
Trausi,Trausi,Jacek Kurczych,Poland,
TreeEskimo,TreeEskimo,Ian Glinsman,United States,
TrickZ,TrickZ,Brian Ahn,United States,
Troll Kim,Troll Kim,Kim Jong-in (김종인),South Korea,
TrueID,TrueID,Dhruv Jhigan,United States,
TS,TS,Li Wei-Jun (李威俊),China,
Tsibastian,Tsibastian,Sebastian Arvidsson,Sweden,
Tsunamiie,Tsunamiie,Brian Her,Canada,
TXBB,TXBB,Xu Ruo-Ran (徐若冉),China,
Tyche,Tyche,NOME90,Singapore,x
Tymek,Tymek,Tymoteusz Holynski,Poland,
Tyrant,Tyrant,Fan Chen-Gang (范晨刚),China,
UandME,UandME,Kim Ae-jun (김애준),South Korea,
UlmangE,UlmangE,Son Myung-gyu,South Korea,
Umbrella,Umbrella,Guo Jun-Liang (郭俊良),China,
unso,unso,Martin Szarnas,Germany,
Unstoppable,Unstoppable,Johnny Tran,United States,
Urek Mazin0,Urek Mazin0,Daniel Carbajal,Mexico,
UTDZac,UTDZac,NOME154,,x
Uzi,Uzi,Jian Zi-Hao (简自豪),China,
vaLiant,vaLiant,Ryan Rowe,United States,
Valkrin,Valkrin,Richard Pattillo Royer,United States,
ValkyriaN,ValkyriaN,NOME91,Singapore,x
Van,Van,Jian Yao-Tao (简耀韬),Hong Kong,
Van Der Fckk,Van Der Fckk,Oskar Bogdan,Poland,
VandeRnoob,VandeRnoob,Oskar Bogdan,Poland,
Vech,Vech,Tan Jun Yi,Singapore,
Veggie,Veggie,Fryderyk Kozioł,Poland,
Venom,Venom,Andrew Rose,Australia,
Verfix,Verfix,Jorge Silveira,Brazil,
VeryBerry,VeryBerry,Lee Han-kil (이한길),South Korea,
Vibes,Vibes,Tyler Selig,United States,
Victor,Victor,Chen Wei (陈威),China,
Vileroze,Vileroze,Judan Royeca,Philippines,
viNylCat,viNylCat,Chae Woo-cheul (채우철),South Korea,
Violet,Violet,Ngô Mạnh Quyền,Vietnam,
Virus,Virus,Robert White,United States,
Vitamin,Vitamin,Lee Hyung-jun (이형준),South Korea,
Volcan,Volcan,Diogo Neves,Brazil,
Voyboy,Voyboy,Joedat Esfahani,United States,
vy,vy,Neil Cedric San Juan,Philippines,
VYY,VYY,Neil Cedric San Juan,Philippines,
wAhzLeNs,wAhzLeNs,Chan Wei Wah,Malaysia,
WahzleNs,WahzleNs,Chan Wei Wah,Malaysia,
Wall,Wall,Son Chang-hoon (손창훈),South Korea,
wallstop,wallstop,NOME65,United States,x
WAPPA CHANG,WAPPA CHANG,Edward Hamada,United States,
Warm,Warm,Liu Yang (刘杨),China,
Warpath,Warpath,Hwang In-Seung,South Korea,
watch,watch,Cho Jae-geol (조재걸),South Korea,
Watch,Watch,Cho Jae-geol (조재걸),South Korea,
webtoon,webtoon,Lee Hyung-suk (이현석),South Korea,
WeiXiao,WeiXiao,Gao Xue-Cheng (高学成),China,
Weixiao,Weixiao,Gao Xue-Cheng (高学成),China,
Westrice,Westrice,Jonathan Nguyen,United States,
WetDreaM,WetDreaM,Tim Buysse,Belgium,
Wh1t3zZ,Wh1t3zZ,Lo Pun Wai (卢本伟),Hong Kong,
Whitecrescent,Whitecrescent,Luo Sheng (罗盛),China,
Wickd,Wickd,Mike Petersen,Denmark,
Wild Turtle,Wild Turtle,Jason Tran,Canada,
WildTurtle,WildTurtle,Jason Tran,Canada,
Wingsofdeathx,Wingsofdeathx,Daryl Hennegan,United States,
wingsofdeathx,wingsofdeathx,Daryl Hennegan,United States,
Witch,Witch,Jakkid Krinbai,Malaysia,
Wollelol,Wollelol,Stefan Wagner,Germany,
Woolite,Woolite,Paweł Prusk,Poland,
Woong,Woong,Jang Gun-woong (장건웅),South Korea,
wormy,wormy,Jeffrey Cuaba,Philippines,
Woyue,Woyue,NOME106,China,x
Xarr,Xarr,Ramon Ramiro,Philippines,
Xaxus,Xaxus,Marcin Maczka,Poland,
xDragunerX,xDragunerX,Paul Pham,Canada,
xEnstall,xEnstall,NOME155,,x
Xeres,Xeres,Yotsathon Littisornthanoo,Thailand,
xHazzard,xHazzard,Michael Kuhlman,United States,
XiaoWeiXiao,XiaoWeiXiao,Yu Xian (余显),China,
XiaoXiao,XiaoXiao,Sun Yalong (孙亚龙),China,
xiaoyanzi,xiaoyanzi,Kang Yabin,China,
xinec,xinec,Andreas Krogsbøll,Denmark,
XL Bjergsen,XL Bjergsen,Søren Bjerg,Denmark,
XL Winner,XL Winner,Christian Andersen,Denmark,
Xllyra,Xllyra,Phakthaphon Pongnarusorn,Thailand,
Xmithie,Xmithie,Jake Puchero,Philippines,
Xpecial,Xpecial,Alex Chu,United States,
xPeke,xPeke,Enrique Cedeño Martínez,Spain,
XXF,XXF,Soon Yin Fong,Malaysia,
Xzevz,Xzevz,Steven,United States,
YamatoCannon,YamatoCannon,Jakob Mebdi,Sweden,
YangSieu,YangSieu,Đào Tuấn Tú,Vietnam,
YaNgSin,YaNgSin,Choi In-kyu (최인규),South Korea,
YanSir,YanSir,Huang Li ,China,
Yaong,Yaong,Park Se-yeon (박세연),South Korea,
Yazuki,Yazuki,Gabriel Ng,United States,
Yelloout,Yelloout,Baek Young-Jin (백영진),South Korea,
Yellowpete,Yellowpete,Peter Wüppen,Germany,
YellOwStaR,YellOwStaR,Bora Kim,France,
YellOwStar,YellOwStar,Bora Kim,France,
Yetz,Yetz,Mateus Vieira,Brazil,
YJTM,YJTM,Wu Songjun,China,
YMS,YMS,Shu Wen (舒文),Hong Kong,
YoDa,YoDa,Orie Guo,United States,
yoshi,yoshi,Lee Gi-Cheol,South Korea,
YoungBuck,YoungBuck,Joey Steltenpool,Netherlands,
Yuhn,Yuhn,Samuel Wong,Canada,
z3rg3m3n,z3rg3m3n,NOME156,,x
Zekent,Zekent,George Liu,United States,
Zerg,Zerg,Ha Quang Dong,Vietnam,
Zero,Zero,Yoon Kyung-sup (윤경섭),South Korea,
zig,zig,Derek Shao,Canada,
Zig,Zig,Derek Shao,Canada,
ZionSpartan,ZionSpartan,Darshan Upadhyaha,Canada,
Ziriguidun,Ziriguidun,Pedro Vilarinho,Brazil,
Ziv,Ziv,Chen Yi (陳奕),China,
Zonda,Zonda,Lyu Jhong Da (呂仲達),Taiwan,
Zsf,Zsf,Zhou Gang Quan,China,
Zuna,Zuna,Christopher Buechter,United States,
Zw,Zw,Zhang Wei (张威),China,
zw,zw,Zhang Wei (张威),China,
zxkeisukexz,zxkeisukexz,NOME107,United States,x
Zylor,Zylor,Christian Dietze,Germany,
Zyzz,Zyzz,Haïdar Mezidi,France,
Zz1tai,Zz1tai,Liu Zhi-Hao (刘志豪),China,
zz1tai,zz1tai,Liu Zhi-Hao (刘志豪),China,
zzamTiger,zzamTiger,Kim Su-man,South Korea,
一群野怪,一群野怪,NOME78,China,x
他的何B仔,他的何B仔,NOME66,China,x
佛GG,佛GG,NOME79,China,x
你说回不去了,你说回不去了,NOME80,China,x
凌波微步x,凌波微步x,NOME81,China,x
勤劳勇敢的书记,勤劳勇敢的书记,NOME67,China,x
呗呗熊,呗呗熊,NOME68,China,x
坂田银时,坂田银时,NOME69,China,x
大山,大山,NOME70,China,x
大楠叔叔说,大楠叔叔说,NOME71,China,x
得罪了,得罪了,NOME72,China,x
暴躁嘟嘟,暴躁嘟嘟,NOME82,China,x
牛奶君,牛奶君,NOME73,China,x
莉娜因巴斯酱,莉娜因巴斯酱,NOME83,China,x
读书仔有大智慧,读书仔有大智慧,NOME74,China,x
阿倪蛋糕店,阿倪蛋糕店,NOME84,China,x
霍森布鲁斯大爷,霍森布鲁斯大爷,NOME75,China,x
麦子尖wD,麦子尖wD,NOME85,China,x
TRUE,TRUE,NOME76,United States,x